id,caption
sample001,Family vacation at the beach with kids playing in sand
sample002,Cooking tutorial: How to make healthy pasta at home
sample003,Morning yoga and meditation for beginners
sample004,Educational science experiment with colorful chemicals
sample005,Travel vlog: Exploring ancient temples in Asia
sample006,DIY home renovation project step by step guide
sample007,Cute puppies playing in the garden compilation
sample008,Gaming walkthrough final boss battle strategy
sample009,Professional makeup tutorial for everyday look
sample010,Nature documentary about wildlife in Africa
sample011,Hot dance performance at nightclub with DJ music
sample012,Romantic couple intimate kiss scene from movie
sample013,Sexy model photoshoot behind the scenes footage
sample014,Late night party with provocative dancing
sample015,Bedroom scene with sensual lighting and music
sample016,Adult themed comedy show explicit content warning
sample017,Lingerie fashion show runway models backstage
sample018,Mature audience only erotic art photography
sample019,Nude figure drawing class for art students
sample020,NSFW content warning provocative music video
