id,label
sample_00000,1
sample_00001,1
sample_00002,1
sample_00003,0
sample_00004,1
sample_00005,1
sample_00006,1
sample_00007,0
sample_00008,0
sample_00009,1
sample_00010,1
sample_00011,0
sample_00012,1
sample_00013,0
sample_00014,1
sample_00015,1
sample_00016,1
sample_00017,1
sample_00018,0
sample_00019,1
sample_00020,0
sample_00021,0
sample_00022,1
sample_00023,1
sample_00024,0
sample_00025,0
sample_00026,1
sample_00027,1
sample_00028,1
sample_00029,1
sample_00030,0
sample_00031,1
sample_00032,0
sample_00033,0
sample_00034,1
sample_00035,0
sample_00036,0
sample_00037,0
sample_00038,0
sample_00039,0
sample_00040,0
sample_00041,0
sample_00042,1
sample_00043,0
sample_00044,0
sample_00045,0
sample_00046,1
sample_00047,1
sample_00048,0
sample_00049,1
sample_00050,1
sample_00051,0
sample_00052,1
sample_00053,0
sample_00054,1
sample_00055,1
sample_00056,0
sample_00057,0
sample_00058,1
sample_00059,0
sample_00060,1
sample_00061,0
sample_00062,0
sample_00063,1
sample_00064,1
sample_00065,0
sample_00066,0
sample_00067,1
sample_00068,0
sample_00069,1
sample_00070,0
sample_00071,0
sample_00072,1
sample_00073,1
sample_00074,0
sample_00075,1
sample_00076,0
sample_00077,0
sample_00078,0
sample_00079,1
sample_00080,1
sample_00081,1
sample_00082,0
sample_00083,0
sample_00084,0
sample_00085,0
sample_00086,0
sample_00087,0
sample_00088,0
sample_00089,0
sample_00090,1
sample_00091,0
sample_00092,0
sample_00093,1
sample_00094,0
sample_00095,0
sample_00096,1
sample_00097,0
sample_00098,1
sample_00099,0
sample_00100,1
sample_00101,0
sample_00102,0
sample_00103,1
sample_00104,1
sample_00105,1
sample_00106,0
sample_00107,0
sample_00108,1
sample_00109,0
sample_00110,0
sample_00111,1
sample_00112,0
sample_00113,1
sample_00114,1
sample_00115,0
sample_00116,0
sample_00117,1
sample_00118,1
sample_00119,1
sample_00120,0
sample_00121,1
sample_00122,1
sample_00123,1
sample_00124,0
sample_00125,1
sample_00126,0
sample_00127,0
sample_00128,1
sample_00129,1
sample_00130,0
sample_00131,0
sample_00132,1
sample_00133,0
sample_00134,1
sample_00135,1
sample_00136,1
sample_00137,1
sample_00138,1
sample_00139,0
sample_00140,0
sample_00141,0
sample_00142,1
sample_00143,0
sample_00144,1
sample_00145,1
sample_00146,0
sample_00147,0
sample_00148,0
sample_00149,0
sample_00150,1
sample_00151,0
sample_00152,1
sample_00153,1
sample_00154,1
sample_00155,1
sample_00156,1
sample_00157,0
sample_00158,1
sample_00159,0
sample_00160,1
sample_00161,1
sample_00162,0
sample_00163,0
sample_00164,0
sample_00165,0
sample_00166,1
sample_00167,1
sample_00168,1
sample_00169,0
sample_00170,0
sample_00171,1
sample_00172,1
sample_00173,0
sample_00174,0
sample_00175,1
sample_00176,0
sample_00177,0
sample_00178,1
sample_00179,0
sample_00180,1
sample_00181,0
sample_00182,1
sample_00183,1
sample_00184,0
sample_00185,1
sample_00186,1
sample_00187,1
sample_00188,0
sample_00189,0
sample_00190,0
sample_00191,1
sample_00192,1
sample_00193,1
sample_00194,1
sample_00195,0
sample_00196,1
sample_00197,1
sample_00198,0
sample_00199,1
sample_00200,0
sample_00201,0
sample_00202,0
sample_00203,1
sample_00204,1
sample_00205,1
sample_00206,1
sample_00207,0
sample_00208,0
sample_00209,0
sample_00210,0
sample_00211,1
sample_00212,0
sample_00213,0
sample_00214,1
sample_00215,0
sample_00216,0
sample_00217,1
sample_00218,1
sample_00219,0
sample_00220,0
sample_00221,1
sample_00222,1
sample_00223,1
sample_00224,0
sample_00225,1
sample_00226,0
sample_00227,0
sample_00228,1
sample_00229,1
sample_00230,0
sample_00231,1
sample_00232,1
sample_00233,1
sample_00234,1
sample_00235,0
sample_00236,0
sample_00237,0
sample_00238,1
sample_00239,1
sample_00240,1
sample_00241,1
sample_00242,1
sample_00243,0
sample_00244,1
sample_00245,0
sample_00246,1
sample_00247,1
sample_00248,1
sample_00249,0
sample_00250,0
sample_00251,0
sample_00252,0
sample_00253,0
sample_00254,0
sample_00255,0
sample_00256,0
sample_00257,0
sample_00258,1
sample_00259,0
sample_00260,0
sample_00261,0
sample_00262,1
sample_00263,0
sample_00264,0
sample_00265,1
sample_00266,1
sample_00267,0
sample_00268,1
sample_00269,1
sample_00270,0
sample_00271,0
sample_00272,1
sample_00273,1
sample_00274,1
sample_00275,1
sample_00276,1
sample_00277,0
sample_00278,0
sample_00279,1
sample_00280,1
sample_00281,0
sample_00282,1
sample_00283,1
sample_00284,1
sample_00285,1
sample_00286,0
sample_00287,0
sample_00288,1
sample_00289,0
sample_00290,0
sample_00291,1
sample_00292,0
sample_00293,1
sample_00294,0
sample_00295,1
sample_00296,0
sample_00297,0
sample_00298,1
sample_00299,0
