id,url
vid001,https://placeholder.com/download/safe/clip_1.mp4
vid002,https://placeholder.com/download/unsafe/clip_2.avi
vid003,https://placeholder.com/download/safe/clip_3.mp4
vid004,https://placeholder.com/download/unsafe/clip_4.avi
vid005,https://placeholder.com/download/safe/clip_5.mp4
vid006,https://placeholder.com/download/unsafe/clip_6.avi
vid007,https://placeholder.com/download/safe/clip_7.mp4
vid008,https://placeholder.com/download/unsafe/clip_8.avi
vid009,https://placeholder.com/download/safe/clip_9.mp4
vid010,https://placeholder.com/download/unsafe/clip_10.avi
vid011,https://placeholder.com/download/safe/clip_11.mp4
vid012,https://placeholder.com/download/unsafe/clip_12.avi
vid013,https://placeholder.com/download/safe/clip_13.mp4
vid014,https://placeholder.com/download/unsafe/clip_14.avi
vid015,https://placeholder.com/download/safe/clip_15.mp4
vid016,https://placeholder.com/download/unsafe/clip_16.avi
vid017,https://placeholder.com/download/safe/clip_17.mp4
vid018,https://placeholder.com/download/unsafe/clip_18.avi
vid019,https://placeholder.com/download/safe/clip_19.mp4
vid020,https://placeholder.com/download/unsafe/clip_20.avi
vid021,https://placeholder.com/download/safe/clip_21.mp4
vid022,https://placeholder.com/download/unsafe/clip_22.avi
vid023,https://placeholder.com/download/safe/clip_23.mp4
vid024,https://placeholder.com/download/unsafe/clip_24.avi
vid025,https://placeholder.com/download/safe/clip_25.mp4
vid026,https://placeholder.com/download/unsafe/clip_26.avi
vid027,https://placeholder.com/download/safe/clip_27.mp4
vid028,https://placeholder.com/download/unsafe/clip_28.avi
vid029,https://placeholder.com/download/safe/clip_29.mp4
vid030,https://placeholder.com/download/unsafe/clip_30.avi
vid031,https://placeholder.com/download/safe/clip_31.mp4
vid032,https://placeholder.com/download/unsafe/clip_32.avi
vid033,https://placeholder.com/download/safe/clip_33.mp4
vid034,https://placeholder.com/download/unsafe/clip_34.avi
vid035,https://placeholder.com/download/safe/clip_35.mp4
vid036,https://placeholder.com/download/unsafe/clip_36.avi
vid037,https://placeholder.com/download/safe/clip_37.mp4
vid038,https://placeholder.com/download/unsafe/clip_38.avi
vid039,https://placeholder.com/download/safe/clip_39.mp4
vid040,https://placeholder.com/download/unsafe/clip_40.avi
vid041,https://placeholder.com/download/safe/clip_41.mp4
vid042,https://placeholder.com/download/unsafe/clip_42.avi
vid043,https://placeholder.com/download/safe/clip_43.mp4
vid044,https://placeholder.com/download/unsafe/clip_44.avi
vid045,https://placeholder.com/download/safe/clip_45.mp4
vid046,https://placeholder.com/download/unsafe/clip_46.avi
vid047,https://placeholder.com/download/safe/clip_47.mp4
vid048,https://placeholder.com/download/unsafe/clip_48.avi
vid049,https://placeholder.com/download/safe/clip_49.mp4
vid050,https://placeholder.com/download/unsafe/clip_50.avi
vid051,https://placeholder.com/download/safe/clip_51.mp4
vid052,https://placeholder.com/download/unsafe/clip_52.avi
vid053,https://placeholder.com/download/safe/clip_53.mp4
vid054,https://placeholder.com/download/unsafe/clip_54.avi
vid055,https://placeholder.com/download/safe/clip_55.mp4
vid056,https://placeholder.com/download/unsafe/clip_56.avi
vid057,https://placeholder.com/download/safe/clip_57.mp4
vid058,https://placeholder.com/download/unsafe/clip_58.avi
vid059,https://placeholder.com/download/safe/clip_59.mp4
vid060,https://placeholder.com/download/unsafe/clip_60.avi
vid061,https://placeholder.com/download/safe/clip_61.mp4
vid062,https://placeholder.com/download/unsafe/clip_62.avi
vid063,https://placeholder.com/download/safe/clip_63.mp4
vid064,https://placeholder.com/download/unsafe/clip_64.avi
vid065,https://placeholder.com/download/safe/clip_65.mp4
vid066,https://placeholder.com/download/unsafe/clip_66.avi
vid067,https://placeholder.com/download/safe/clip_67.mp4
vid068,https://placeholder.com/download/unsafe/clip_68.avi
vid069,https://placeholder.com/download/safe/clip_69.mp4
vid070,https://placeholder.com/download/unsafe/clip_70.avi
vid071,https://placeholder.com/download/safe/clip_71.mp4
vid072,https://placeholder.com/download/unsafe/clip_72.avi
vid073,https://placeholder.com/download/safe/clip_73.mp4
vid074,https://placeholder.com/download/unsafe/clip_74.avi
vid075,https://placeholder.com/download/safe/clip_75.mp4
vid076,https://placeholder.com/download/unsafe/clip_76.avi
vid077,https://placeholder.com/download/safe/clip_77.mp4
vid078,https://placeholder.com/download/unsafe/clip_78.avi
vid079,https://placeholder.com/download/safe/clip_79.mp4
vid080,https://placeholder.com/download/unsafe/clip_80.avi
vid081,https://placeholder.com/download/safe/clip_81.mp4
vid082,https://placeholder.com/download/unsafe/clip_82.avi
vid083,https://placeholder.com/download/safe/clip_83.mp4
vid084,https://placeholder.com/download/unsafe/clip_84.avi
vid085,https://placeholder.com/download/safe/clip_85.mp4
vid086,https://placeholder.com/download/unsafe/clip_86.avi
vid087,https://placeholder.com/download/safe/clip_87.mp4
vid088,https://placeholder.com/download/unsafe/clip_88.avi
vid089,https://placeholder.com/download/safe/clip_89.mp4
vid090,https://placeholder.com/download/unsafe/clip_90.avi
vid091,https://placeholder.com/download/safe/clip_91.mp4
vid092,https://placeholder.com/download/unsafe/clip_92.avi
vid093,https://placeholder.com/download/safe/clip_93.mp4
vid094,https://placeholder.com/download/unsafe/clip_94.avi
vid095,https://placeholder.com/download/safe/clip_95.mp4
vid096,https://placeholder.com/download/unsafe/clip_96.avi
vid097,https://placeholder.com/download/safe/clip_97.mp4
vid098,https://placeholder.com/download/unsafe/clip_98.avi
vid099,https://placeholder.com/download/safe/clip_99.mp4
vid100,https://placeholder.com/download/unsafe/clip_100.avi
vid101,https://placeholder.com/download/safe/clip_101.mp4
vid102,https://placeholder.com/download/unsafe/clip_102.avi
vid103,https://placeholder.com/download/safe/clip_103.mp4
vid104,https://placeholder.com/download/unsafe/clip_104.avi
vid105,https://placeholder.com/download/safe/clip_105.mp4
vid106,https://placeholder.com/download/unsafe/clip_106.avi
vid107,https://placeholder.com/download/safe/clip_107.mp4
vid108,https://placeholder.com/download/unsafe/clip_108.avi
vid109,https://placeholder.com/download/safe/clip_109.mp4
vid110,https://placeholder.com/download/unsafe/clip_110.avi
vid111,https://placeholder.com/download/safe/clip_111.mp4
vid112,https://placeholder.com/download/unsafe/clip_112.avi
vid113,https://placeholder.com/download/safe/clip_113.mp4
vid114,https://placeholder.com/download/unsafe/clip_114.avi
vid115,https://placeholder.com/download/safe/clip_115.mp4
vid116,https://placeholder.com/download/unsafe/clip_116.avi
vid117,https://placeholder.com/download/safe/clip_117.mp4
vid118,https://placeholder.com/download/unsafe/clip_118.avi
vid119,https://placeholder.com/download/safe/clip_119.mp4
vid120,https://placeholder.com/download/unsafe/clip_120.avi
vid121,https://placeholder.com/download/safe/clip_121.mp4
vid122,https://placeholder.com/download/unsafe/clip_122.avi
vid123,https://placeholder.com/download/safe/clip_123.mp4
vid124,https://placeholder.com/download/unsafe/clip_124.avi
vid125,https://placeholder.com/download/safe/clip_125.mp4
vid126,https://placeholder.com/download/unsafe/clip_126.avi
vid127,https://placeholder.com/download/safe/clip_127.mp4
vid128,https://placeholder.com/download/unsafe/clip_128.avi
vid129,https://placeholder.com/download/safe/clip_129.mp4
vid130,https://placeholder.com/download/unsafe/clip_130.avi
vid131,https://placeholder.com/download/safe/clip_131.mp4
vid132,https://placeholder.com/download/unsafe/clip_132.avi
vid133,https://placeholder.com/download/safe/clip_133.mp4
vid134,https://placeholder.com/download/unsafe/clip_134.avi
vid135,https://placeholder.com/download/safe/clip_135.mp4
vid136,https://placeholder.com/download/unsafe/clip_136.avi
vid137,https://placeholder.com/download/safe/clip_137.mp4
vid138,https://placeholder.com/download/unsafe/clip_138.avi
vid139,https://placeholder.com/download/safe/clip_139.mp4
vid140,https://placeholder.com/download/unsafe/clip_140.avi
vid141,https://placeholder.com/download/safe/clip_141.mp4
vid142,https://placeholder.com/download/unsafe/clip_142.avi
vid143,https://placeholder.com/download/safe/clip_143.mp4
vid144,https://placeholder.com/download/unsafe/clip_144.avi
vid145,https://placeholder.com/download/safe/clip_145.mp4
vid146,https://placeholder.com/download/unsafe/clip_146.avi
vid147,https://placeholder.com/download/safe/clip_147.mp4
vid148,https://placeholder.com/download/unsafe/clip_148.avi
vid149,https://placeholder.com/download/safe/clip_149.mp4
vid150,https://placeholder.com/download/unsafe/clip_150.avi
vid151,https://placeholder.com/download/safe/clip_151.mp4
vid152,https://placeholder.com/download/unsafe/clip_152.avi
vid153,https://placeholder.com/download/safe/clip_153.mp4
vid154,https://placeholder.com/download/unsafe/clip_154.avi
vid155,https://placeholder.com/download/safe/clip_155.mp4
vid156,https://placeholder.com/download/unsafe/clip_156.avi
vid157,https://placeholder.com/download/safe/clip_157.mp4
vid158,https://placeholder.com/download/unsafe/clip_158.avi
vid159,https://placeholder.com/download/safe/clip_159.mp4
vid160,https://placeholder.com/download/unsafe/clip_160.avi
vid161,https://placeholder.com/download/safe/clip_161.mp4
vid162,https://placeholder.com/download/unsafe/clip_162.avi
vid163,https://placeholder.com/download/safe/clip_163.mp4
vid164,https://placeholder.com/download/unsafe/clip_164.avi
vid165,https://placeholder.com/download/safe/clip_165.mp4
vid166,https://placeholder.com/download/unsafe/clip_166.avi
vid167,https://placeholder.com/download/safe/clip_167.mp4
vid168,https://placeholder.com/download/unsafe/clip_168.avi
vid169,https://placeholder.com/download/safe/clip_169.mp4
vid170,https://placeholder.com/download/unsafe/clip_170.avi
vid171,https://placeholder.com/download/safe/clip_171.mp4
vid172,https://placeholder.com/download/unsafe/clip_172.avi
vid173,https://placeholder.com/download/safe/clip_173.mp4
vid174,https://placeholder.com/download/unsafe/clip_174.avi
vid175,https://placeholder.com/download/safe/clip_175.mp4
vid176,https://placeholder.com/download/unsafe/clip_176.avi
vid177,https://placeholder.com/download/safe/clip_177.mp4
vid178,https://placeholder.com/download/unsafe/clip_178.avi
vid179,https://placeholder.com/download/safe/clip_179.mp4
vid180,https://placeholder.com/download/unsafe/clip_180.avi
vid181,https://placeholder.com/download/safe/clip_181.mp4
vid182,https://placeholder.com/download/unsafe/clip_182.avi
vid183,https://placeholder.com/download/safe/clip_183.mp4
vid184,https://placeholder.com/download/unsafe/clip_184.avi
vid185,https://placeholder.com/download/safe/clip_185.mp4
vid186,https://placeholder.com/download/unsafe/clip_186.avi
vid187,https://placeholder.com/download/safe/clip_187.mp4
vid188,https://placeholder.com/download/unsafe/clip_188.avi
vid189,https://placeholder.com/download/safe/clip_189.mp4
vid190,https://placeholder.com/download/unsafe/clip_190.avi
vid191,https://placeholder.com/download/safe/clip_191.mp4
vid192,https://placeholder.com/download/unsafe/clip_192.avi
vid193,https://placeholder.com/download/safe/clip_193.mp4
vid194,https://placeholder.com/download/unsafe/clip_194.avi
vid195,https://placeholder.com/download/safe/clip_195.mp4
vid196,https://placeholder.com/download/unsafe/clip_196.avi
vid197,https://placeholder.com/download/safe/clip_197.mp4
vid198,https://placeholder.com/download/unsafe/clip_198.avi
vid199,https://placeholder.com/download/safe/clip_199.mp4
vid200,https://placeholder.com/download/unsafe/clip_200.avi
vid201,https://placeholder.com/download/safe/clip_201.mp4
vid202,https://placeholder.com/download/unsafe/clip_202.avi
vid203,https://placeholder.com/download/safe/clip_203.mp4
vid204,https://placeholder.com/download/unsafe/clip_204.avi
vid205,https://placeholder.com/download/safe/clip_205.mp4
vid206,https://placeholder.com/download/unsafe/clip_206.avi
vid207,https://placeholder.com/download/safe/clip_207.mp4
vid208,https://placeholder.com/download/unsafe/clip_208.avi
vid209,https://placeholder.com/download/safe/clip_209.mp4
vid210,https://placeholder.com/download/unsafe/clip_210.avi
vid211,https://placeholder.com/download/safe/clip_211.mp4
vid212,https://placeholder.com/download/unsafe/clip_212.avi
vid213,https://placeholder.com/download/safe/clip_213.mp4
vid214,https://placeholder.com/download/unsafe/clip_214.avi
vid215,https://placeholder.com/download/safe/clip_215.mp4
vid216,https://placeholder.com/download/unsafe/clip_216.avi
vid217,https://placeholder.com/download/safe/clip_217.mp4
vid218,https://placeholder.com/download/unsafe/clip_218.avi
vid219,https://placeholder.com/download/safe/clip_219.mp4
vid220,https://placeholder.com/download/unsafe/clip_220.avi
vid221,https://placeholder.com/download/safe/clip_221.mp4
vid222,https://placeholder.com/download/unsafe/clip_222.avi
vid223,https://placeholder.com/download/safe/clip_223.mp4
vid224,https://placeholder.com/download/unsafe/clip_224.avi
vid225,https://placeholder.com/download/safe/clip_225.mp4
vid226,https://placeholder.com/download/unsafe/clip_226.avi
vid227,https://placeholder.com/download/safe/clip_227.mp4
vid228,https://placeholder.com/download/unsafe/clip_228.avi
vid229,https://placeholder.com/download/safe/clip_229.mp4
vid230,https://placeholder.com/download/unsafe/clip_230.avi
vid231,https://placeholder.com/download/safe/clip_231.mp4
vid232,https://placeholder.com/download/unsafe/clip_232.avi
vid233,https://placeholder.com/download/safe/clip_233.mp4
vid234,https://placeholder.com/download/unsafe/clip_234.avi
vid235,https://placeholder.com/download/safe/clip_235.mp4
vid236,https://placeholder.com/download/unsafe/clip_236.avi
vid237,https://placeholder.com/download/safe/clip_237.mp4
vid238,https://placeholder.com/download/unsafe/clip_238.avi
vid239,https://placeholder.com/download/safe/clip_239.mp4
vid240,https://placeholder.com/download/unsafe/clip_240.avi
vid241,https://placeholder.com/download/safe/clip_241.mp4
vid242,https://placeholder.com/download/unsafe/clip_242.avi
vid243,https://placeholder.com/download/safe/clip_243.mp4
vid244,https://placeholder.com/download/unsafe/clip_244.avi
vid245,https://placeholder.com/download/safe/clip_245.mp4
vid246,https://placeholder.com/download/unsafe/clip_246.avi
vid247,https://placeholder.com/download/safe/clip_247.mp4
vid248,https://placeholder.com/download/unsafe/clip_248.avi
vid249,https://placeholder.com/download/safe/clip_249.mp4
vid250,https://placeholder.com/download/unsafe/clip_250.avi
vid251,https://placeholder.com/download/safe/clip_251.mp4
vid252,https://placeholder.com/download/unsafe/clip_252.avi
vid253,https://placeholder.com/download/safe/clip_253.mp4
vid254,https://placeholder.com/download/unsafe/clip_254.avi
vid255,https://placeholder.com/download/safe/clip_255.mp4
vid256,https://placeholder.com/download/unsafe/clip_256.avi
vid257,https://placeholder.com/download/safe/clip_257.mp4
vid258,https://placeholder.com/download/unsafe/clip_258.avi
vid259,https://placeholder.com/download/safe/clip_259.mp4
vid260,https://placeholder.com/download/unsafe/clip_260.avi
vid261,https://placeholder.com/download/safe/clip_261.mp4
vid262,https://placeholder.com/download/unsafe/clip_262.avi
vid263,https://placeholder.com/download/safe/clip_263.mp4
vid264,https://placeholder.com/download/unsafe/clip_264.avi
vid265,https://placeholder.com/download/safe/clip_265.mp4
vid266,https://placeholder.com/download/unsafe/clip_266.avi
vid267,https://placeholder.com/download/safe/clip_267.mp4
vid268,https://placeholder.com/download/unsafe/clip_268.avi
vid269,https://placeholder.com/download/safe/clip_269.mp4
vid270,https://placeholder.com/download/unsafe/clip_270.avi
vid271,https://placeholder.com/download/safe/clip_271.mp4
vid272,https://placeholder.com/download/unsafe/clip_272.avi
vid273,https://placeholder.com/download/safe/clip_273.mp4
vid274,https://placeholder.com/download/unsafe/clip_274.avi
vid275,https://placeholder.com/download/safe/clip_275.mp4
vid276,https://placeholder.com/download/unsafe/clip_276.avi
vid277,https://placeholder.com/download/safe/clip_277.mp4
vid278,https://placeholder.com/download/unsafe/clip_278.avi
vid279,https://placeholder.com/download/safe/clip_279.mp4
vid280,https://placeholder.com/download/unsafe/clip_280.avi
vid281,https://placeholder.com/download/safe/clip_281.mp4
vid282,https://placeholder.com/download/unsafe/clip_282.avi
vid283,https://placeholder.com/download/safe/clip_283.mp4
vid284,https://placeholder.com/download/unsafe/clip_284.avi
vid285,https://placeholder.com/download/safe/clip_285.mp4
vid286,https://placeholder.com/download/unsafe/clip_286.avi
vid287,https://placeholder.com/download/safe/clip_287.mp4
vid288,https://placeholder.com/download/unsafe/clip_288.avi
vid289,https://placeholder.com/download/safe/clip_289.mp4
vid290,https://placeholder.com/download/unsafe/clip_290.avi
vid291,https://placeholder.com/download/safe/clip_291.mp4
vid292,https://placeholder.com/download/unsafe/clip_292.avi
vid293,https://placeholder.com/download/safe/clip_293.mp4
vid294,https://placeholder.com/download/unsafe/clip_294.avi
vid295,https://placeholder.com/download/safe/clip_295.mp4
vid296,https://placeholder.com/download/unsafe/clip_296.avi
vid297,https://placeholder.com/download/safe/clip_297.mp4
vid298,https://placeholder.com/download/unsafe/clip_298.avi
vid299,https://placeholder.com/download/safe/clip_299.mp4
vid300,https://placeholder.com/download/unsafe/clip_300.avi
